posisi_id;kode_posisi;nama_posisi;parent;Direktorat_id;Division_id;Departemen_id;people_id;Jobtitle_code;Parent_path
1;8013112;PRESIDENT DIRECTOR ;-;-;-;-;;GT_PRESDIR;
2;8000725;DEPUTY PRESIDENT DIRECTOR/CEO ;1;-;-;-;;GT_DPTPRESDIR;
3;8000796;EXECUTIVE DIRECTOR CHIEF OPERATING OFFICER ;2;-;-;-;;GT_EXCDIR;
4;8000786;EXECUTIVE DIRECTOR - CHIEF FINANCIAL OFFICER ;2;50004;-;-;;GT_EXCDIR;
5;8013114;EXECUTIVE DIRECTOR CHIEF PERSONNEL & ADM. OFFICER ;2;50001;-;-;;GT_EXCDIR;
6;8000794;EVP MANUFACTURING ;3;50000;-;-;;GT_SGM;
7;8013298;PLANT HEAD MOTORCYCLE ;6;50000;30000;-;;GT_GM;
8;8015003;ASST. PLANT HEAD MANUFACTURING ;7;50000;30000;-;;GT_SMGR;
9;8015004;ASST. PLANT HEAD NON MANUFACTURING ;7;50000;30000;-;;GT_SMGR;
10;8013316;DEPT. HEAD PRODUCTION TIRE B&H ;8;50000;30000;10000;;GT_MGR;
11;8014587;SUB DEPT. HEAD PRODUCTION TIRE MATERIAL ;10;50000;30000;10000;;GT_JMGR;
12;8014588;SECTION HEAD BTE,HTE,BBC,HBC,BBG,HBG,HSQ ;11;50000;30000;10000;;GT_SPV;
13;8014589;TEAM LEADER BTE LINE 01 - 02 ;12;50000;30000;10000;;GT_STFF;
14;8014590;TEAM LEADER BTE LINE 03,04,05 ;12;50000;30000;10000;;GT_STFF;
15;8014591;TEAM LEADER BBC ;12;50000;30000;10000;;GT_STFF;
16;8014592;TEAM LEADER BBG ;12;50000;30000;10000;;GT_STFF;
17;8014593;TEAM LEADER HTE,HBC,HBG,HSQ ;12;50000;30000;10000;;GT_STFF;
18;8014594;SECTION HEAD BTE,HTE,BBC,HBC,BBG,HBG,HSQ ;11;50000;30000;10000;;GT_SPV;
19;8014595;TEAM LEADER BTE LINE 01 - 02 ;18;50000;30000;10000;;GT_STFF;
20;8014596;TEAM LEADER BTE LINE 03,04,05 ;18;50000;30000;10000;;GT_STFF;
21;8014597;TEAM LEADER BBC ;18;50000;30000;10000;;GT_STFF;
22;8014598;TEAM LEADER BBG ;18;50000;30000;10000;;GT_STFF;
23;8014599;TEAM LEADER HTE,HBC,HBG,HSQ ;18;50000;30000;10000;;GT_STFF;
24;8014600;TEAM LEADER BTE LINE 01 - 02 ;29;50000;30000;10000;;GT_STFF;
25;8014601;TEAM LEADER BTE LINE 03,04,05 ;29;50000;30000;10000;;GT_STFF;
26;8014602;TEAM LEADER BBC ;29;50000;30000;10000;;GT_STFF;
27;8014603;TEAM LEADER BBG ;29;50000;30000;10000;;GT_STFF;
28;8014604;TEAM LEADER HTE,HBC,HBG,HSQ ;29;50000;30000;10000;;GT_STFF;
29;8014605;SECTION HEAD BTE,HTE,BBC,HBC,BBG,HBG,HSQ ;11;50000;30000;10000;;GT_SPV;
30;8014606;TEAM LEADER BTE LINE 01 - 02 ;35;50000;30000;10000;;GT_STFF;
31;8014607;TEAM LEADER BTE LINE 03,04,05 ;35;50000;30000;10000;;GT_STFF;
32;8014608;TEAM LEADER BBC ;35;50000;30000;10000;;GT_STFF;
33;8014609;TEAM LEADER BBG ;35;50000;30000;10000;;GT_STFF;
34;8014610;TEAM LEADER HTE,HBC,HBG,HSQ ;35;50000;30000;10000;;GT_STFF;
35;8014611;SECTION HEAD BTE,HTE,BBC,HBC,BBG,HBG,HSQ ;11;50000;30000;10000;;GT_SPV;
36;8014612;SUB DEPT. HEAD PRODUCTION TIRE BUILDING ;10;50000;30000;10000;;GT_JMGR;
37;8014613;SECTION HEAD BMC ;36;50000;30000;10000;;GT_SPV;
38;8014614;TEAM LEADER BMC LINE 01 - 02 ;37;50000;30000;10000;;GT_STFF;
39;8014615;TEAM LEADER BMC LINE 03 ;37;50000;30000;10000;;GT_STFF;
40;8014616;TEAM LEADER BMC LINE 04 - 05 ;37;50000;30000;10000;;GT_STFF;
41;8014617;SECTION HEAD BMC ;36;50000;30000;10000;;GT_SPV;
42;8014618;TEAM LEADER BMC LINE 01 - 02 ;41;50000;30000;10000;;GT_STFF;
43;8014619;TEAM LEADER BMC LINE 03 ;41;50000;30000;10000;;GT_STFF;
44;8014620;TEAM LEADER BMC LINE 04 - 05 ;41;50000;30000;10000;;GT_STFF;
45;8014621;SECTION HEAD BMC ;36;50000;30000;10000;;GT_SPV;
46;8014622;TEAM LEADER BMC LINE 01 - 02 ;45;50000;30000;10000;;GT_STFF;
47;8014623;TEAM LEADER BMC LINE 03 ;45;50000;30000;10000;;GT_STFF;
48;8014624;TEAM LEADER BMC LINE 04 - 05 ;45;50000;30000;10000;;GT_STFF;
49;8014625;SECTION HEAD BMC ;36;50000;30000;10000;;GT_SPV;
50;8014626;TEAM LEADER BMC LINE 01 - 02 ;49;50000;30000;10000;;GT_STFF;
51;8014627;TEAM LEADER BMC LINE 03 ;49;50000;30000;10000;;GT_STFF;
52;8013891;TEAM LEADER BMC LINE 04 - 05 ;49;50000;30000;10000;;GT_STFF;
53;8013892;SECTION HEAD HMC ;36;50000;30000;10000;;GT_SPV;
54;8014630;TEAM LEADER HMC LINE 01 ;53;50000;30000;10000;;GT_STFF;
55;8014631;TEAM LEADER HMC LINE 02 ;53;50000;30000;10000;;GT_STFF;
56;8014632;SECTION HEAD HMC ;36;50000;30000;10000;;GT_SPV;
57;8014633;TEAM LEADER HMC LINE 01 ;56;50000;30000;10000;;GT_STFF;
58;8014634;TEAM LEADER HMC LINE 02 ;56;50000;30000;10000;;GT_STFF;
59;8014635;SECTION HEAD HMC ;36;50000;30000;10000;;GT_SPV;
60;8014636;TEAM LEADER HMC LINE 01 ;59;50000;30000;10000;;GT_STFF;
61;8014637;TEAM LEADER HMC LINE 02 ;59;50000;30000;10000;;GT_STFF;
62;8014638;SECTION HEAD HMC ;36;50000;30000;10000;;GT_SPV;
63;8014639;TEAM LEADER HMC LINE 01 ;63;50000;30000;10000;;GT_STFF;
64;8014640;TEAM LEADER HMC LINE 02 ;63;50000;30000;10000;;GT_STFF;
65;8014641;SUB DEPT. HEAD PRODUCTION TIRE CURING ;10;50000;30000;10000;;GT_JMGR;
66;8014642;SECTION HEAD BTC ;65;50000;30000;10000;;GT_SPV;
67;8014643;TEAM LEADER BTC LINE 01 - 03 ;66;50000;30000;10000;;GT_STFF;
68;8014644;TEAM LEADER BTC LINE 04 - 06 ;66;50000;30000;10000;;GT_STFF;
69;8014645;TEAM LEADER REPLACEMENT MOLD & BLADDER ;66;50000;30000;10000;;GT_STFF;
70;8013913;TEAM LEADER REPAIR & OE ;66;50000;30000;10000;;GT_STFF;
71;8014647;TEAM LEADER GTS BTC ;66;50000;30000;10000;;GT_STFF;
72;8014648;SECTION HEAD BTC ;65;50000;30000;10000;;GT_SPV;
73;8014649;TEAM LEADER BTC LINE 01 - 03 ;72;50000;30000;10000;;GT_STFF;
74;8013917;TEAM LEADER BTC LINE 04 - 06 ;72;50000;30000;10000;;GT_STFF;
75;8014651;TEAM LEADER REPLACEMENT MOLD & BLADDER ;72;50000;30000;10000;;GT_STFF;
76;8014652;TEAM LEADER REPAIR & OE ;72;50000;30000;10000;;GT_STFF;
77;8014653;TEAM LEADER GTS BTC ;72;50000;30000;10000;;GT_STFF;
78;8014654;SECTION HEAD BTC ;65;50000;30000;10000;;GT_SPV;
79;8014655;TEAM LEADER BTC LINE 01 - 03 ;78;50000;30000;10000;;GT_STFF;
80;8014656;TEAM LEADER BTC LINE 04 - 06 ;78;50000;30000;10000;;GT_STFF;
81;8014657;TEAM LEADER REPLACEMENT MOLD & BLADDER ;78;50000;30000;10000;;GT_STFF;
82;8014658;TEAM LEADER REPAIR & OE ;78;50000;30000;10000;;GT_STFF;
83;8014659;TEAM LEADER GTS BTC ;78;50000;30000;10000;;GT_STFF;
84;8014660;SECTION HEAD BTC ;65;50000;30000;10000;;GT_SPV;
85;8014661;TEAM LEADER BTC LINE 01 - 03 ;84;50000;30000;10000;;GT_STFF;
86;8014662;TEAM LEADER BTC LINE 04 - 06 ;84;50000;30000;10000;;GT_STFF;
87;8014663;TEAM LEADER REPLACEMENT MOLD & BLADDER ;84;50000;30000;10000;;GT_STFF;
88;8014664;TEAM LEADER REPAIR & OE ;84;50000;30000;10000;;GT_STFF;
89;8014665;TEAM LEADER GTS BTC ;84;50000;30000;10000;;GT_STFF;
90;8014666;SECTION HEAD HTC ;65;50000;30000;10000;;GT_SPV;
91;8014667;TEAM LEADER HTC LINE 01 - 03 ;90;50000;30000;10000;;GT_STFF;
92;8014668;TEAM LEADER GTS HTC ;90;50000;30000;10000;;GT_STFF;
93;8014669;SECTION HEAD HTC ;65;50000;30000;10000;;GT_SPV;
94;8014670;TEAM LEADER HTC LINE 01 - 03 ;93;50000;30000;10000;;GT_STFF;
95;8014671;TEAM LEADER GTS HTC ;93;50000;30000;10000;;GT_STFF;
96;8013948;SECTION HEAD HTC ;65;50000;30000;10000;;GT_SPV;
97;8014673;TEAM LEADER HTC LINE 01 - 03 ;96;50000;30000;10000;;GT_STFF;
98;8014674;TEAM LEADER GTS HTC ;96;50000;30000;10000;;GT_STFF;
99;8014675;SECTION HEAD HTC ;65;50000;30000;10000;;GT_SPV;
100;8014676;TEAM LEADER HTC LINE 01 - 03 ;99;50000;30000;10000;;GT_STFF;
101;8014677;TEAM LEADER GTS HTC ;99;50000;30000;10000;;GT_STFF;
102;8014678;SUB DEPT. HEAD PREPARATION & IMPROVEMENT MATERIAL ;10;50000;30000;10000;;GT_JMGR;
103;8014679;SECTION HEAD PREPARATION & IMPROVEMENT BTE,BBC,BBG ;102;50000;30000;10000;;GT_SPV;
104;8014680;TEAM LEADER PREPARATION BTE,BBC,BBG ;103;50000;30000;10000;;GT_STFF;
105;8014681;STAFF IMPROVEMENT BTE ;103;50000;30000;10000;;GT_STFF;
106;8014682;STAFF IMPROVEMENT BBC,BBG ;103;50000;30000;10000;;GT_STFF;
107;8013962;SECTION HEAD PREPARATION & IMPROVEMENT HTE,HBC,HBG,HSQ ;102;50000;30000;10000;;GT_SPV;
108;8014684;TEAM LEADER PREPARATION HBC,HTE,HBG ;107;50000;30000;10000;;GT_STFF;
109;8014685;STAFF IMPROVEMENT HBC,HSQ ;107;50000;30000;10000;;GT_STFF;
110;8014686;STAFF IMPROVEMENT HTE,HBG ;107;50000;30000;10000;;GT_STFF;
111;8014687;SUB DEPT. HEAD PREPARATION & IMPROVEMENT BUILDING & CURING ;10;50000;30000;10000;;GT_JMGR;
112;8014688;SECTION HEAD PREPARATION & IMPROVEMENT BMC ;111;50000;30000;10000;;GT_SPV;
113;8014689;TEAM LEADER PREPARATION BMC ;112;50000;30000;10000;;GT_STFF;
114;8014690;STAFF IMPROVEMENT BMC ;112;50000;30000;10000;;GT_STFF;
115;8014691;SECTION HEAD PREPARATION & IMPROVEMENT HMC ;111;50000;30000;10000;;GT_SPV;
116;8014692;TEAM LEADER PREPARATION HMC ;115;50000;30000;10000;;GT_STFF;
117;8014693;STAFF IMPROVEMENT HMC ;115;50000;30000;10000;;GT_STFF;
118;8014694;SECTION HEAD PREPARATION & IMPROVEMENT BTC ;111;50000;30000;10000;;GT_SPV;
119;8014695;TEAM LEADER PREPARATION BTC ;118;50000;30000;10000;;GT_STFF;
120;8014696;STAFF IMPROVEMENT BTC ;118;50000;30000;10000;;GT_STFF;
121;8014697;SECTION HEAD PREPARATION & IMPROVEMENT HTC ;111;50000;30000;10000;;GT_SPV;
122;8014698;TEAM LEADER PREPARATION HTC ;121;50000;30000;10000;;GT_STFF;
123;8014699;STAFF IMPROVEMENT HTC ;121;50000;30000;10000;;GT_STFF;
124;8014700;SECTION HEAD PREPARATION & MAINTENANCE MOLD & BLADDER ;111;50000;30000;10000;;GT_SPV;
125;8014701;TEAM LEADER PREPARATION & MAINTENANCE MOLD & BLADDER PLANT B ;124;50000;30000;10000;;GT_STFF;
126;8014702;TEAM LEADER PREPARATION & MAINTENANCE MOLD & BLADDER PLANT H ;124;50000;30000;10000;;GT_STFF;
127;8014704;OPERATOR BTE LINE 01 - 02 ;13;50000;30000;10000;;GT_WRKR;
128;8014706;OPERATOR BTE LINE 03,04,05 ;14;50000;30000;10000;;GT_WRKR;
129;8014708;OPERATOR BBC ;15;50000;30000;10000;;GT_WRKR;
130;8014710;OPERATOR BBG ;16;50000;30000;10000;;GT_WRKR;
131;8014712;OPERATOR HTE ;17;50000;30000;10000;;GT_WRKR;
132;8014714;OPERATOR BTE LINE 01 - 02 ;19;50000;30000;10000;;GT_WRKR;
133;8014716;OPERATOR BTE LINE 03,04,05 ;20;50000;30000;10000;;GT_WRKR;
134;8014718;OPERATOR BBC ;21;50000;30000;10000;;GT_WRKR;
135;8014720;OPERATOR BBG ;22;50000;30000;10000;;GT_WRKR;
136;8014722;OPERATOR HTE ;23;50000;30000;10000;;GT_WRKR;
137;8014724;OPERATOR BTE LINE 01 - 02 ;24;50000;30000;10000;;GT_WRKR;
138;8014726;OPERATOR BTE LINE 03,04,05 ;25;50000;30000;10000;;GT_WRKR;
139;8014728;OPERATOR BBC ;26;50000;30000;10000;;GT_WRKR;
140;8014736;OPERATOR BBG ;27;50000;30000;10000;;GT_WRKR;
141;8014738;OPERATOR HTE ;28;50000;30000;10000;;GT_WRKR;
142;8014743;OPERATOR HTE ;34;50000;30000;10000;;GT_WRKR;
143;8014748;WORKER PREPARATION BTE ;104;50000;30000;10000;;GT_WRKR;
144;8014752;WORKER PREPARATION HTE ;108;50000;30000;10000;;GT_WRKR;
145;8014755;OPERATOR BMC LINE 01 - 02 ;38;50000;30000;10000;;GT_WRKR;
146;8014757;OPERATOR BMC LINE 03 ;39;50000;30000;10000;;GT_WRKR;
147;8014759;OPERATOR BMC LINE 04 - 05 ;40;50000;30000;10000;;GT_WRKR;
148;8014761;OPERATOR BMC LINE 01 - 02 ;42;50000;30000;10000;;GT_WRKR;
149;8014763;OPERATOR BMC LINE 03 ;43;50000;30000;10000;;GT_WRKR;
150;8014765;OPERATOR BMC LINE 04 - 05 ;44;50000;30000;10000;;GT_WRKR;
151;8014767;OPERATOR BMC LINE 01 - 02 ;46;50000;30000;10000;;GT_WRKR;
152;8014769;OPERATOR BMC LINE 03 ;47;50000;30000;10000;;GT_WRKR;
153;8014771;OPERATOR BMC LINE 04 - 05 ;48;50000;30000;10000;;GT_WRKR;
154;8014773;OPERATOR BTE LINE 01 - 02 ;30;50000;30000;10000;;GT_WRKR;
155;8014776;OPERATOR BTE LINE 03,04,05 ;31;50000;30000;10000;;GT_WRKR;
156;8014778;OPERATOR BBC ;32;50000;30000;10000;;GT_WRKR;
157;8014780;OPERATOR BBG ;33;50000;30000;10000;;GT_WRKR;
158;8014782;OPERATOR BMC LINE 01 - 02 ;50;50000;30000;10000;;GT_WRKR;
159;8014784;OPERATOR BMC LINE 03 ;51;50000;30000;10000;;GT_WRKR;
160;8014786;OPERATOR BMC LINE 04 - 05 ;52;50000;30000;10000;;GT_WRKR;
161;8014788;OPERATOR HMC LINE 01 ;54;50000;30000;10000;;GT_WRKR;
162;8014790;OPERATOR HMC LINE 02 ;55;50000;30000;10000;;GT_WRKR;
163;8014792;OPERATOR HMC LINE 01 ;57;50000;30000;10000;;GT_WRKR;
164;8014794;OPERATOR HMC LINE 02 ;58;50000;30000;10000;;GT_WRKR;
165;8014796;OPERATOR HMC LINE 01 ;60;50000;30000;10000;;GT_WRKR;
166;8014798;OPERATOR HMC LINE 02 ;61;50000;30000;10000;;GT_WRKR;
167;8014800;OPERATOR HMC LINE 01 ;63;50000;30000;10000;;GT_WRKR;
169;8014804;OPERATOR BTC LINE 01 - 03 ;67;50000;30000;10000;;GT_WRKR;
170;8014806;OPERATOR BTC LINE 04 - 06 ;68;50000;30000;10000;;GT_WRKR;
171;8014808;OPERATOR REPLACEMENT MOLD & BLADDER ;69;50000;30000;10000;;GT_WRKR;
172;8014810;OPERATOR REPAIR & OE ;70;50000;30000;10000;;GT_WRKR;
173;8014812;OPERATOR GTS BTC ;71;50000;30000;10000;;GT_WRKR;
174;8014814;OPERATOR BTC LINE 01 - 03 ;73;50000;30000;10000;;GT_WRKR;
175;8014816;OPERATOR BTC LINE 04 - 06 ;74;50000;30000;10000;;GT_WRKR;
176;8014818;OPERATOR REPLACEMENT MOLD & BLADDER ;75;50000;30000;10000;;GT_WRKR;
177;8014820;OPERATOR REPAIR & OE ;76;50000;30000;10000;;GT_WRKR;
178;8014822;OPERATOR GTS BTC ;77;50000;30000;10000;;GT_WRKR;
179;8014824;OPERATOR BTC LINE 01 - 03 ;79;50000;30000;10000;;GT_WRKR;
181;8014828;OPERATOR REPLACEMENT MOLD & BLADDER ;81;50000;30000;10000;;GT_WRKR;
182;8014830;OPERATOR REPAIR & OE ;82;50000;30000;10000;;GT_WRKR;
183;8014832;OPERATOR GTS BTC ;83;50000;30000;10000;;GT_WRKR;
185;8014836;OPERATOR BTC LINE 04 - 06 ;86;50000;30000;10000;;GT_WRKR;
187;8014840;OPERATOR REPAIR & OE ;88;50000;30000;10000;;GT_WRKR;
188;8014842;OPERATOR GTS BTC ;89;50000;30000;10000;;GT_WRKR;
189;8014844;OPERATOR HTC LINE 01 - 03 ;91;50000;30000;10000;;GT_WRKR;
190;8014846;OPERATOR GTS HTC ;92;50000;30000;10000;;GT_WRKR;
191;8014848;OPERATOR HTC LINE 01 - 03 ;94;50000;30000;10000;;GT_WRKR;
193;8014852;OPERATOR HTC LINE 01 - 03 ;97;50000;30000;10000;;GT_WRKR;
195;8014856;OPERATOR HTC LINE 01 - 03 ;100;50000;30000;10000;;GT_WRKR;
196;8014683;OPERATOR GTS HTC ;101;50000;30000;10000;;GT_WRKR;
197;8014629;WORKER PREPARATION BTC ;118;50000;30000;10000;;GT_WRKR;
198;8015051;WORKER PREPARATION BMC ;113;50000;30000;10000;;GT_WRKR;
200;8015054;WORKER PREPARATION HTC ;122;50000;30000;10000;;GT_WRKR;
201;8015056;WORKER PREPARATION & MAINTENANCE MOLD & BLADDER PLANT B ;125;50000;30000;10000;;GT_WRKR;
202;8015058;WORKER PREPARATION & MAINTENANCE MOLD & BLADDER PLANT H ;126;50000;30000;10000;;GT_WRKR;
203;8019801;POLTEK-BMC ;10;50000;30000;10000;;PLTK_NH;
204;8022101;OPERATOR TRANSFER EQUIPMENT ;13;50000;30000;10000;;GT_WRKR;
205;8022103;OPERATOR TRANSFER EQUIPMENT ;19;50000;30000;10000;;GT_WRKR;
206;8022105;OPERATOR TRANSFER EQUIPMENT ;24;50000;30000;10000;;GT_WRKR;
207;8022107;OPERATOR TRANSFER EQUIPMENT ;30;50000;30000;10000;;GT_WRKR;
208;8022109;OPERATOR TRANSFER EQUIPMENT ;15;50000;30000;10000;;GT_WRKR;
209;8022111;OPERATOR TRANSFER EQUIPMENT ;21;50000;30000;10000;;GT_WRKR;
210;8022113;OPERATOR TRANSFER EQUIPMENT ;26;50000;30000;10000;;GT_WRKR;
211;8022115;OPERATOR TRANSFER EQUIPMENT ;32;50000;30000;10000;;GT_WRKR;
212;8022117;OPERATOR TRANSFER EQUIPMENT ;17;50000;30000;10000;;GT_WRKR;
213;8022119;OPERATOR TRANSFER EQUIPMENT ;23;50000;30000;10000;;GT_WRKR;
214;8022121;OPERATOR TRANSFER EQUIPMENT ;28;50000;30000;10000;;GT_WRKR;
215;8022123;OPERATOR TRANSFER EQUIPMENT ;34;50000;30000;10000;;GT_WRKR;
216;8014802;OPERATOR HMC LINE 02 ;64;50000;30000;10000;;GT_WRKR;
217;8015053;WORKER PREPARATION HMC ;116;50000;30000;10000;;GT_WRKR;
218;8014826;OPERATOR BTC LINE 04 - 06 ;80;50000;30000;10000;;GT_WRKR;
219;8014834;OPERATOR BTC LINE 01 - 03 ;85;50000;30000;10000;;GT_WRKR;
220;8014838;OPERATOR REPLACEMENT MOLD & BLADDER ;87;50000;30000;10000;;GT_WRKR;
221;8014850;OPERATOR GTS HTC ;95;50000;30000;10000;;GT_WRKR;
222;8014854;OPERATOR GTS HTC ;98;50000;30000;10000;;GT_WRKR;
223;8013317;DEPT. HEAD PRODUCTION TIRE PLANT I ;8;50000;30000;10001;;GT_MGR;
224;8013630;SUB DEPT. HEAD PRODUCTION MATERIAL 1 ;223;50000;30000;10001;;GT_JMGR;
225;8013631;SECTION HEAD ITL, PREASSEMBLY & SQUEEGEE ;224;50000;30000;10001;;GT_SPV;
226;8013632;TEAM LEADER SQUEEGEE ;225;50000;30000;10001;;GT_STFF;
227;8013634;OPERATOR SQUEEGEE ;226;50000;30000;10001;;GT_WRKR;
228;8013635;TEAM LEADER ITL & PREASSEMBLY ;225;50000;30000;10001;;GT_STFF;
229;8013637;OPERATOR ITL & PREASSEMBLY ;228;50000;30000;10001;;GT_WRKR;
230;8013638;SECTION HEAD ITL, PREASSEMBLY & SQUEEGEE ;224;50000;30000;10001;;GT_SPV;
231;8013639;TEAM LEADER SQUEEGEE ;230;50000;30000;10001;;GT_STFF;
232;8013641;OPERATOR SQUEEGEE ;231;50000;30000;10001;;GT_WRKR;
233;8013642;TEAM LEADER ITL & PREASSEMBLY ;230;50000;30000;10001;;GT_STFF;
234;8013644;OPERATOR ITL & PREASSEMBLY ;233;50000;30000;10001;;GT_WRKR;
235;8013645;SECTION HEAD ITL, PREASSEMBLY & SQUEEGEE ;224;50000;30000;10001;;GT_SPV;
236;8013646;TEAM LEADER SQUEEGEE ;235;50000;30000;10001;;GT_STFF;
237;8013648;OPERATOR SQUEEGEE ;236;50000;30000;10001;;GT_WRKR;
238;8013649;TEAM LEADER ITL & PREASSEMBLY ;235;50000;30000;10001;;GT_STFF;
239;8013651;OPERATOR ITL & PREASSEMBLY ;239;50000;30000;10001;;GT_WRKR;
240;8013652;SECTION HEAD ITL, PREASSEMBLY & SQUEEGEE ;224;50000;30000;10001;;GT_SPV;
241;8013653;TEAM LEADER SQUEEGEE ;240;50000;30000;10001;;GT_STFF;
242;8013655;OPERATOR SQUEEGEE ;241;50000;30000;10001;;GT_WRKR;
243;8013656;TEAM LEADER ITL & PREASSEMBLY ;240;50000;30000;10001;;GT_STFF;
244;8013658;OPERATOR ITL & PREASSEMBLY ;243;50000;30000;10001;;GT_WRKR;
245;8013659;SECTION HEAD BIAS CUTTING & TOPPING CALENDER ;224;50000;30000;10001;;GT_SPV;
246;8013660;TEAM LEADER BIAS CUTTING ;245;50000;30000;10001;;GT_STFF;
247;8013662;OPERATOR BIAS CUTTING ;246;50000;30000;10001;;GT_WRKR;
248;8013663;TEAM LEADER TOPPING CALENDER ;245;50000;30000;10001;;GT_STFF;
249;8013665;OPERATOR TOPPING CALENDER ;248;50000;30000;10001;;GT_WRKR;
250;8013666;SECTION HEAD BIAS CUTTING & TOPPING CALENDER ;224;50000;30000;10001;;GT_SPV;
251;8013667;TEAM LEADER BIAS CUTTING ;250;50000;30000;10001;;GT_STFF;
252;8013669;OPERATOR BIAS CUTTING ;251;50000;30000;10001;;GT_WRKR;
253;8013670;TEAM LEADER TOPPING CALENDER ;250;50000;30000;10001;;GT_STFF;
254;8013672;OPERATOR TOPPING CALENDER ;253;50000;30000;10001;;GT_WRKR;
255;8013673;SECTION HEAD BIAS CUTTING & TOPPING CALENDER ;224;50000;30000;10001;;GT_SPV;
256;8013675;TEAM LEADER BIAS CUTTING ;255;50000;30000;10001;;GT_STFF;
257;8013677;OPERATOR BIAS CUTTING ;256;50000;30000;10001;;GT_WRKR;
258;8013678;TEAM LEADER TOPPING CALENDER ;255;50000;30000;10001;;GT_STFF;
259;8013680;OPERATOR TOPPING CALENDER ;258;50000;30000;10001;;GT_WRKR;
260;8013681;SECTION HEAD BIAS CUTTING & TOPPING CALENDER ;224;50000;30000;10001;;GT_SPV;
261;8013682;TEAM LEADER BIAS CUTTING ;260;50000;30000;10001;;GT_STFF;
262;8013684;OPERATOR BIAS CUTTING ;261;50000;30000;10001;;GT_WRKR;
263;8013685;TEAM LEADER TOPPING CALENDER ;260;50000;30000;10001;;GT_STFF;
264;8013687;OPERATOR TOPPING CALENDER ;263;50000;30000;10001;;GT_WRKR;
265;8013688;SUB DEPT. HEAD PRODUCTION MATERIAL 2 ;223;50000;30000;10001;;GT_JMGR;
266;8013689;SECTION HEAD TREAD EXTRUDER ;265;50000;30000;10001;;GT_SPV;
267;8013963;SUB DEPT. HEAD PREPARATION & IMPROVEMENT BUILDING & CURING ;223;50000;30000;10001;;GT_JMGR;
268;8013690;TEAM LEADER ITE LINE 01 - 04 ;266;50000;30000;10001;;GT_STFF;
269;8013971;SECTION HEAD PREPARATION & IMPROVEMENT IMC ;267;50000;30000;10001;;GT_SPV;
270;8013972;TEAM LEADER PREPARATION IMC ;269;50000;30000;10001;;GT_STFF;
271;8013692;OPERATOR ITE LINE 01 - 04 ;268;50000;30000;10001;;GT_WRKR;
272;8013693;TEAM LEADER ITE LINE 05 - 07 ;266;50000;30000;10001;;GT_STFF;
273;8013973;WORKER PREPARATION IMC ;270;50000;30000;10001;;GT_WRKR;
274;8013974;TEAM LEADER DRUM / BLADDER IMC ;269;50000;30000;10001;;GT_STFF;
275;8013695;OPERATOR ITE LINE 05 - 07 ;272;50000;30000;10001;;GT_WRKR;
276;8013975;WORKER MAINTENANCE DRUM / BLADDER IMC ;274;50000;30000;10001;;GT_WRKR;
277;8013976;STAFF IMPROVEMENT IMC ;269;50000;30000;10001;;GT_STFF;
278;8013696;SECTION HEAD TREAD EXTRUDER ;265;50000;30000;10001;;GT_SPV;
279;8013977;SECTION HEAD PREPARATION & IMPROVEMENT ITC ;267;50000;30000;10001;;GT_SPV;
280;8013978;TEAM LEADER PREPARATION ITC ;279;50000;30000;10001;;GT_STFF;
281;8013979;WORKER PREPARATION ITC ;280;50000;30000;10001;;GT_WRKR;
282;8013980;TEAM LEADER PREPARE GTS ;279;50000;30000;10001;;GT_STFF;
283;8013881;WORKER MAINTENANCE GTS ;282;50000;30000;10001;;GT_WRKR;
284;8013982;STAFF IMPROVEMENT ITC ;279;50000;30000;10001;;GT_STFF;
285;8013983;SECTION HEAD PREPARATION & MAINTENANCE MOLD & BLADDER ;267;50000;30000;10001;;GT_SPV;
286;8013984;TEAM LEADER PREPARATION MOLD & BLADDER ;285;50000;30000;10001;;GT_STFF;
287;8013985;WORKER PREPARATION MOLD & BLADDER ;286;50000;30000;10001;;GT_WRKR;
288;8013986;TEAM LEADER MAINTENANCE MOLD & BLADDER ;285;50000;30000;10001;;GT_STFF;
289;8013987;WORKER MAINTENANCE MOLD & BLADDER ;288;50000;30000;10001;;GT_WRKR;
290;8013697;TEAM LEADER ITE LINE 01 - 04 ;278;50000;30000;10001;;GT_STFF;
291;8013699;OPERATOR ITE LINE 01 - 04 ;290;50000;30000;10001;;GT_WRKR;
292;8013700;TEAM LEADER ITE LINE 05 - 07 ;278;50000;30000;10001;;GT_STFF;
293;8013702;OPERATOR ITE LINE 05 - 07 ;292;50000;30000;10001;;GT_WRKR;
294;8013703;SECTION HEAD TREAD EXTRUDER ;265;50000;30000;10001;;GT_SPV;
295;8013704;TEAM LEADER ITE LINE 01 - 04 ;294;50000;30000;10001;;GT_STFF;
296;8013706;OPERATOR ITE LINE 01 - 04 ;295;50000;30000;10001;;GT_WRKR;
297;8013707;TEAM LEADER ITE LINE 05 - 07 ;294;50000;30000;10001;;GT_STFF;
298;8013709;OPERATOR ITE LINE 05 - 07 ;287;50000;30000;10001;;GT_WRKR;
299;8013710;SECTION HEAD TREAD EXTRUDER ;265;50000;30000;10001;;GT_SPV;
300;8013711;TEAM LEADER ITE LINE 01 - 04 ;299;50000;30000;10001;;GT_STFF;
301;8013713;OPERATOR ITE LINE 01 - 04 ;300;50000;30000;10001;;GT_WRKR;
302;8013715;TEAM LEADER ITE LINE 05 - 07 ;299;50000;30000;10001;;GT_STFF;
303;8013716;OPERATOR ITE LINE 05 - 07 ;303;50000;30000;10001;;GT_WRKR;
304;8013718;SECTION HEAD BEAD GROMMET & BEAD APEX ;265;50000;30000;10001;;GT_SPV;
305;8013719;TEAM LEADER BEAD GROMMET ;304;50000;30000;10001;;GT_STFF;
306;8013721;OPERATOR BEAD GROMMET ;305;50000;30000;10001;;GT_WRKR;
307;8013722;TEAM LEADER BEAD APEX ;304;50000;30000;10001;;GT_STFF;
308;8013724;OPERATOR BEAD APEX ;307;50000;30000;10001;;GT_WRKR;
309;8013725;SECTION HEAD BEAD GROMMET & BEAD APEX ;265;50000;30000;10001;;GT_SPV;
310;8013726;TEAM LEADER BEAD GROMMET ;309;50000;30000;10001;;GT_STFF;
311;8013728;OPERATOR BEAD GROMMET ;310;50000;30000;10001;;GT_WRKR;
312;8013729;TEAM LEADER BEAD APEX ;309;50000;30000;10001;;GT_STFF;
313;8013731;OPERATOR BEAD APEX ;312;50000;30000;10001;;GT_WRKR;
314;8013732;SECTION HEAD BEAD GROMMET & BEAD APEX ;265;50000;30000;10001;;GT_SPV;
315;8013733;TEAM LEADER BEAD GROMMET ;314;50000;30000;10001;;GT_STFF;
316;8013735;OPERATOR BEAD GROMMET ;315;50000;30000;10001;;GT_WRKR;
317;8013736;TEAM LEADER BEAD APEX ;314;50000;30000;10001;;GT_STFF;
318;8013738;OPERATOR BEAD APEX ;317;50000;30000;10001;;GT_WRKR;
319;8013739;SECTION HEAD BEAD GROMMET & BEAD APEX ;265;50000;30000;10001;;GT_SPV;
320;8013740;TEAM LEADER BEAD GROMMET ;319;50000;30000;10001;;GT_STFF;
321;8013742;OPERATOR BEAD GROMMET ;320;50000;30000;10001;;GT_WRKR;
322;8013743;TEAM LEADER BEAD APEX ;319;50000;30000;10001;;GT_STFF;
323;8013745;OPERATOR BEAD APEX ;322;50000;30000;10001;;GT_WRKR;
324;8013990;SECTION HEAD PREPARATION & IMPROVEMENT MATERIAL II ;342;50000;30000;10001;;GT_SPV;
325;8013991;TEAM LEADER PREPARATION ITE ;324;50000;30000;10001;;GT_STFF;
326;8013992;TEAM LEADER PREPARATION IBG ;324;50000;30000;10001;;GT_STFF;
327;8013993;STAFF IMPROVEMENT ITE ;324;50000;30000;10001;;GT_STFF;
328;8013994;STAFF IMPROVEMENT IBG ;324;50000;30000;10001;;GT_STFF;
329;8013995;WORKER PREPARATION ITE ;325;50000;30000;10001;;GT_WRKR;
330;8013996;WORKER PREPARATION IBG ;326;50000;30000;10001;;GT_WRKR;
331;8013997;STAFF IMPROVEMENT IBC ;334;50000;30000;10001;;GT_STFF;
332;8013998;STAFF IMPROVEMENT ICL ;334;50000;30000;10001;;GT_STFF;
333;8013952;STAFF IMPROVEMENT ITL ;334;50000;30000;10001;;GT_STFF;
334;8013953;SECTION HEAD PREPARATION & IMPROVEMENT MATERIAL I ;342;50000;30000;10001;;GT_SPV;
335;8013957;TEAM LEADER PREPARATION IBC ;334;50000;30000;10001;;GT_STFF;
336;8013746;SUB DEPT. HEAD PRODUCTION TIRE BUILDING ;223;50000;30000;10001;;GT_JMGR;
337;8013958;TEAM LEADER PREPARATION ICL ;334;50000;30000;10001;;GT_STFF;
338;8013959;TEAM LEADER PREPARATION ITL ;334;50000;30000;10001;;GT_STFF;
339;8013960;WORKER PREPARATION IBC ;335;50000;30000;10001;;GT_WRKR;
340;8013961;WORKER PREPARATION ICL ;337;50000;30000;10001;;GT_WRKR;
341;8013951;WORKER PREPARATION ITL ;338;50000;30000;10001;;GT_WRKR;
342;8013950;SUB DEPT. HEAD PREPARATION & IMPROVEMENT MATERIAL ;223;50000;30000;10001;;GT_JMGR;
343;8013747;SECTION HEAD PRODUCTION BUILDING TUBELESS & TUBETYPE ;336;50000;30000;10001;;GT_SPV;
344;8013748;TEAM LEADER IMC LINE 01 - 02 ;343;50000;30000;10001;;GT_STFF;
345;8013750;OPERATOR IMC LINE 01 - 02 ;344;50000;30000;10001;;GT_WRKR;
346;8013751;TEAM LEADER IMC LINE 03 - 04 ;343;50000;30000;10001;;GT_STFF;
347;8013753;OPERATOR IMC LINE 03 - 04 ;346;50000;30000;10001;;GT_WRKR;
348;8013755;TEAM LEADER IMC LINE 05 - 06 ;343;50000;30000;10001;;GT_STFF;
349;8013756;OPERATOR IMC LINE 05 - 06 ;349;50000;30000;10001;;GT_WRKR;
350;8013757;TEAM LEADER IMC LINE 07 - 08 ;343;50000;30000;10001;;GT_STFF;
351;8013759;OPERATOR IMC LINE 07 - 08 ;351;50000;30000;10001;;GT_WRKR;
352;8013760;TEAM LEADER IMC LINE 09 - 10 ;343;50000;30000;10001;;GT_STFF;
353;8013762;OPERATOR IMC LINE 09 - 10 ;352;50000;30000;10001;;GT_WRKR;
354;8013763;TEAM LEADER IMC LINE 11 ;343;50000;30000;10001;;GT_STFF;
355;8013765;OPERATOR IMC LINE 11 ;354;50000;30000;10001;;GT_WRKR;
356;8013766;SECTION HEAD PRODUCTION BUILDING TUBELESS & TUBETYPE ;336;50000;30000;10001;;GT_SPV;
357;8013767;TEAM LEADER IMC LINE 01 - 02 ;356;50000;30000;10001;;GT_STFF;
358;8013769;OPERATOR IMC LINE 01 - 02 ;357;50000;30000;10001;;GT_WRKR;
359;8013770;TEAM LEADER IMC LINE 03 - 04 ;356;50000;30000;10001;;GT_STFF;
360;8013772;OPERATOR IMC LINE 03 - 04 ;360;50000;30000;10001;;GT_WRKR;
361;8013773;TEAM LEADER IMC LINE 05 - 06 ;356;50000;30000;10001;;GT_STFF;
362;8013774;OPERATOR IMC LINE 05 - 06 ;361;50000;30000;10001;;GT_WRKR;
363;8013776;TEAM LEADER IMC LINE 07 - 08 ;356;50000;30000;10001;;GT_STFF;
364;8013778;OPERATOR IMC LINE 07 - 08 ;363;50000;30000;10001;;GT_WRKR;
365;8013779;TEAM LEADER IMC LINE 09 - 10 ;356;50000;30000;10001;;GT_STFF;
366;8013781;OPERATOR IMC LINE 09 - 10 ;365;50000;30000;10001;;GT_WRKR;
367;8013782;TEAM LEADER IMC LINE 11 ;356;50000;30000;10001;;GT_STFF;
368;8013784;OPERATOR IMC LINE 11 ;367;50000;30000;10001;;GT_WRKR;
369;8013785;SECTION HEAD PRODUCTION BUILDING TUBELESS & TUBETYPE ;336;50000;30000;10001;;GT_SPV;
370;8013786;TEAM LEADER IMC LINE 01 - 02 ;369;50000;30000;10001;;GT_STFF;
371;8013788;OPERATOR IMC LINE 01 - 02 ;370;50000;30000;10001;;GT_WRKR;
372;8013789;TEAM LEADER IMC LINE 03 - 04 ;369;50000;30000;10001;;GT_STFF;
373;8013791;OPERATOR IMC LINE 03 - 04 ;372;50000;30000;10001;;GT_WRKR;
374;8013792;TEAM LEADER IMC LINE 05 - 06 ;369;50000;30000;10001;;GT_STFF;
375;8013794;OPERATOR IMC LINE 05 - 06 ;374;50000;30000;10001;;GT_WRKR;
376;8013795;TEAM LEADER IMC LINE 07 - 08 ;369;50000;30000;10001;;GT_STFF;
377;8013797;OPERATOR IMC LINE 07 - 08 ;376;50000;30000;10001;;GT_WRKR;
378;8013798;TEAM LEADER IMC LINE 09 - 10 ;369;50000;30000;10001;;GT_STFF;
379;8013800;OPERATOR IMC LINE 09 - 10 ;378;50000;30000;10001;;GT_WRKR;
380;8013801;TEAM LEADER IMC LINE 11 ;369;50000;30000;10001;;GT_STFF;
381;8013803;OPERATOR IMC LINE 11 ;380;50000;30000;10001;;GT_WRKR;
382;8013804;SECTION HEAD PRODUCTION BUILDING TUBELESS & TUBETYPE ;336;50000;30000;10001;;GT_SPV;
383;8013805;TEAM LEADER IMC LINE 01 - 02 ;382;50000;30000;10001;;GT_STFF;
384;8013807;OPERATOR IMC LINE 01 - 02 ;383;50000;30000;10001;;GT_WRKR;
385;8013821;TEAM LEADER IMC LINE 03 - 04 ;382;50000;30000;10001;;GT_STFF;
386;8013822;OPERATOR IMC LINE 03 - 04 ;385;50000;30000;10001;;GT_WRKR;
387;8013823;TEAM LEADER IMC LINE 05 - 06 ;382;50000;30000;10001;;GT_STFF;
388;8014775;OPERATOR IMC LINE 05 - 06 ;387;50000;30000;10001;;GT_WRKR;
389;8013825;TEAM LEADER IMC LINE 07 - 08 ;382;50000;30000;10001;;GT_STFF;
390;8013826;OPERATOR IMC LINE 07 - 08 ;389;50000;30000;10001;;GT_WRKR;
391;8013827;TEAM LEADER IMC LINE 09 - 10 ;382;50000;30000;10001;;GT_STFF;
392;8013828;OPERATOR IMC LINE 09 - 10 ;391;50000;30000;10001;;GT_WRKR;
393;8013829;TEAM LEADER IMC LINE 11 ;382;50000;30000;10001;;GT_STFF;
394;8013830;OPERATOR IMC LINE 11 ;393;50000;30000;10001;;GT_WRKR;
395;8013831;SECTION HEAD SUPPLY MATERIAL, DRUM MAN BTU/HBT & BOOKING ;336;50000;30000;10001;;GT_SPV;
396;8013832;TEAM LEADER DRUM SETTER, SUPPLY MATERIAL ;395;50000;30000;10001;;GT_STFF;
397;8013833;OPERATOR DRUM SETTER, SUPPLY MATERIAL ;396;50000;30000;10001;;GT_WRKR;
398;8013834;TEAM LEADER BOOKING LINE 01 - 11 ;395;50000;30000;10001;;GT_STFF;
399;8013835;OPERATOR BOOKING LINE 01 - 11 ;398;50000;30000;10001;;GT_WRKR;
400;8013836;SECTION HEAD SUPPLY MATERIAL, DRUM MAN BTU/HBT & BOOKING ;336;50000;30000;10001;;GT_SPV;
401;8013837;SECTION HEAD SUPPLY MATERIAL, DRUM MAN BTU/HBT & BOOKING ;336;50000;30000;10001;;GT_SPV;
402;8013838;SECTION HEAD SUPPLY MATERIAL, DRUM MAN BTU/HBT & BOOKING ;336;50000;30000;10001;;GT_SPV;
403;8013839;TEAM LEADER DRUM SETTER, SUPPLY MATERIAL ;400;50000;30000;10001;;GT_STFF;
404;8013840;OPERATOR DRUM SETTER, SUPPLY MATERIAL ;403;50000;30000;10001;;GT_WRKR;
405;8013841;TEAM LEADER BOOKING LINE 01 - 11 ;400;50000;30000;10001;;GT_STFF;
406;8013842;OPERATOR BOOKING LINE 01 - 11 ;405;50000;30000;10001;;GT_WRKR;
407;8013843;TEAM LEADER DRUM SETTER, SUPPLY MATERIAL ;401;50000;30000;10001;;GT_STFF;
408;8013844;OPERATOR DRUM SETTER, SUPPLY MATERIAL ;407;50000;30000;10001;;GT_WRKR;
409;8013845;TEAM LEADER BOOKING LINE 01 - 11 ;401;50000;30000;10001;;GT_STFF;
410;8013846;OPERATOR BOOKING LINE 01 - 11 ;409;50000;30000;10001;;GT_WRKR;
411;8013847;TEAM LEADER DRUM SETTER, SUPPLY MATERIAL ;402;50000;30000;10001;;GT_STFF;
412;8013848;OPERATOR DRUM SETTER, SUPPLY MATERIAL ;411;50000;30000;10001;;GT_WRKR;
413;8013849;TEAM LEADER BOOKING LINE 01 - 11 ;402;50000;30000;10001;;GT_STFF;
414;8013850;OPERATOR BOOKING LINE 01 - 11 ;413;50000;30000;10001;;GT_WRKR;
415;8013851;SUB DEPT. HEAD PRODUCTION TIRE CURING ;223;50000;30000;10001;;GT_JMGR;
416;8013852;SECTION HEAD PRODUCTION TIRE CURING ;415;50000;30000;10001;;GT_SPV;
417;8013853;TEAM LEADER CURING LINE 01 - 03 ;416;50000;30000;10001;;GT_STFF;
418;8013855;OPERATOR CURING LINE 01 - 03 ;417;50000;30000;10001;;GT_WRKR;
419;8013856;TEAM LEADER CURING LINE 04 - 05 ;416;50000;30000;10001;;GT_STFF;
420;8013858;OPERATOR CURING LINE 04 - 05 ;419;50000;30000;10001;;GT_WRKR;
421;8013859;TEAM LEADER CURING LINE 06 - 07 ;416;50000;30000;10001;;GT_STFF;
422;8013861;OPERATOR CURING LINE 06 - 07 ;421;50000;30000;10001;;GT_WRKR;
423;8013862;TEAM LEADER CURING LINE 08 - 09 ;416;50000;30000;10001;;GT_STFF;
424;8013864;OPERATOR CURING LINE 08 - 09 ;423;50000;30000;10001;;GT_WRKR;
425;8013865;TEAM LEADER CURING LINE 10 - 11 ;416;50000;30000;10001;;GT_STFF;
426;8013867;OPERATOR CURING LINE 10 - 11 ;425;50000;30000;10001;;GT_WRKR;
427;8013868;SECTION HEAD PRODUCTION TIRE CURING ;415;50000;30000;10001;;GT_SPV;
428;8013869;TEAM LEADER CURING LINE 01 - 03 ;427;50000;30000;10001;;GT_STFF;
429;8013871;OPERATOR CURING LINE 01 - 03 ;428;50000;30000;10001;;GT_WRKR;
430;8013872;TEAM LEADER CURING LINE 04 - 05 ;428;50000;30000;10001;;GT_STFF;
431;8013874;OPERATOR CURING LINE 04 - 05 ;430;50000;30000;10001;;GT_WRKR;
432;8013875;TEAM LEADER CURING LINE 06 - 07 ;428;50000;30000;10001;;GT_STFF;
433;8013877;OPERATOR CURING LINE 06 - 07 ;432;50000;30000;10001;;GT_WRKR;
434;8013878;TEAM LEADER CURING LINE 08 - 09 ;428;50000;30000;10001;;GT_STFF;
435;8013880;OPERATOR CURING LINE 08 - 09 ;434;50000;30000;10001;;GT_WRKR;
436;8013882;TEAM LEADER CURING LINE 10 - 11 ;428;50000;30000;10001;;GT_STFF;
437;8013884;OPERATOR CURING LINE 10 - 11 ;436;50000;30000;10001;;GT_WRKR;
438;8013885;SECTION HEAD PRODUCTION TIRE CURING ;415;50000;30000;10001;;GT_SPV;
439;8013886;TEAM LEADER CURING LINE 01 - 03 ;438;50000;30000;10001;;GT_STFF;
440;8013888;OPERATOR CURING LINE 01 - 03 ;439;50000;30000;10001;;GT_WRKR;
441;8013889;TEAM LEADER CURING LINE 04 - 05 ;438;50000;30000;10001;;GT_STFF;
442;8013893;OPERATOR CURING LINE 04 - 05 ;441;50000;30000;10001;;GT_WRKR;
443;8013894;TEAM LEADER CURING LINE 06 - 07 ;438;50000;30000;10001;;GT_STFF;
444;8013896;OPERATOR CURING LINE 06 - 07 ;443;50000;30000;10001;;GT_WRKR;
445;8013897;TEAM LEADER CURING LINE 08 - 09 ;438;50000;30000;10001;;GT_STFF;
446;8013899;OPERATOR CURING LINE 08 - 09 ;445;50000;30000;10001;;GT_WRKR;
447;8013900;TEAM LEADER CURING LINE 10 - 11 ;438;50000;30000;10001;;GT_STFF;
448;8013902;OPERATOR CURING LINE 10 - 11 ;437;50000;30000;10001;;GT_WRKR;
449;8013903;SECTION HEAD PRODUCTION TIRE CURING ;415;50000;30000;10001;;GT_SPV;
450;8013904;TEAM LEADER CURING LINE 01 - 03 ;449;50000;30000;10001;;GT_STFF;
451;8013906;OPERATOR CURING LINE 01 - 03 ;450;50000;30000;10001;;GT_WRKR;
452;8013907;TEAM LEADER CURING LINE 04 - 05 ;449;50000;30000;10001;;GT_STFF;
453;8013909;OPERATOR CURING LINE 04 - 05 ;452;50000;30000;10001;;GT_WRKR;
454;8013910;TEAM LEADER CURING LINE 06 - 07 ;449;50000;30000;10001;;GT_STFF;
455;8013912;OPERATOR CURING LINE 06 - 07 ;454;50000;30000;10001;;GT_WRKR;
456;8013914;TEAM LEADER CURING LINE 08 - 09 ;449;50000;30000;10001;;GT_STFF;
457;8013916;OPERATOR CURING LINE 08 - 09 ;456;50000;30000;10001;;GT_WRKR;
458;8013918;TEAM LEADER CURING LINE 10 - 11 ;449;50000;30000;10001;;GT_STFF;
459;8013920;OPERATOR CURING LINE 10 - 11 ;458;50000;30000;10001;;GT_WRKR;
460;8013921;SECTION HEAD GIP/GOP, REPLACEMENT MOLD & BLADDER ;415;50000;30000;10001;;GT_SPV;
461;8013922;TEAM LEADER GIP/GOP LINE 01 - 08 ;460;50000;30000;10001;;GT_STFF;
462;8013924;OPERATOR GIP/GOP LINE 01 - 08 ;461;50000;30000;10001;;GT_WRKR;
463;8013925;TEAM LEADER GIP/GOP LINE 09 - 16 ;460;50000;30000;10001;;GT_STFF;
464;8013927;OPERATOR GIP/GOP LINE 09 - 16 ;463;50000;30000;10001;;GT_WRKR;
465;8013928;TEAM LEADER REPLACEMENT MOLD & BLADDER ;460;50000;30000;10001;;GT_STFF;
466;8013930;OPERATOR REPLACEMENT MOLD & BLADDER ;465;50000;30000;10001;;GT_WRKR;
467;8013931;SECTION HEAD GIP/GOP, REPLACEMENT MOLD & BLADDER ;415;50000;30000;10001;;GT_SPV;
468;8013932;TEAM LEADER GIP/GOP LINE 01 - 08 ;467;50000;30000;10001;;GT_STFF;
469;8013934;OPERATOR GIP/GOP LINE 01 - 08 ;468;50000;30000;10001;;GT_WRKR;
470;8013935;TEAM LEADER GIP/GOP LINE 09 - 16 ;467;50000;30000;10001;;GT_STFF;
471;8013937;OPERATOR GIP/GOP LINE 09 - 16 ;470;50000;30000;10001;;GT_WRKR;
472;8013938;TEAM LEADER REPLACEMENT MOLD & BLADDER ;467;50000;30000;10001;;GT_STFF;
473;8013940;OPERATOR REPLACEMENT MOLD & BLADDER ;472;50000;30000;10001;;GT_WRKR;
474;8013941;SECTION HEAD GIP/GOP, REPLACEMENT MOLD & BLADDER ;415;50000;30000;10001;;GT_SPV;
475;8013942;TEAM LEADER GIP/GOP LINE 01 - 08 ;474;50000;30000;10001;;GT_STFF;
476;8013944;OPERATOR GIP/GOP LINE 01 - 08 ;475;50000;30000;10001;;GT_WRKR;
477;8013945;TEAM LEADER GIP/GOP LINE 09 - 16 ;474;50000;30000;10001;;GT_STFF;
478;8013947;OPERATOR GIP/GOP LINE 09 - 16 ;477;50000;30000;10001;;GT_WRKR;
479;8013949;TEAM LEADER REPLACEMENT MOLD & BLADDER ;474;50000;30000;10001;;GT_STFF;
480;8015006;OPERATOR REPLACEMENT MOLD & BLADDER ;479;50000;30000;10001;;GT_WRKR;
481;8015007;SECTION HEAD GIP/GOP, REPLACEMENT MOLD & BLADDER ;415;50000;30000;10001;;GT_SPV;
482;8015008;TEAM LEADER GIP/GOP LINE 01 - 08 ;481;50000;30000;10001;;GT_STFF;
483;8015010;OPERATOR GIP/GOP LINE 01 - 08 ;482;50000;30000;10001;;GT_WRKR;
484;8015011;TEAM LEADER GIP/GOP LINE 09 - 16 ;481;50000;30000;10001;;GT_STFF;
485;8015013;OPERATOR GIP/GOP LINE 09 - 16 ;484;50000;30000;10001;;GT_WRKR;
486;8015014;TEAM LEADER REPLACEMENT MOLD & BLADDER ;481;50000;30000;10001;;GT_STFF;
487;8015016;OPERATOR REPLACEMENT MOLD & BLADDER ;486;50000;30000;10001;;GT_WRKR;
488;8019799;POLTEK-ITC ;223;50000;30000;10001;;PLTK_NH;
489;8013318;DEPT. HEAD PRODUCTION TUBE ;8;50000;30000;10002;;GT_MGR;
490;8014859;SUB DEPT. HEAD PRODUCTION TUBE ;489;50000;30000;10002;;GT_JMGR;
491;8014861;SECTION HEAD PRODUCTION TUBE ;490;50000;30000;10002;;GT_SPV;
492;8014863;SECTION HEAD PRODUCTION TUBE ;490;50000;30000;10002;;GT_SPV;
493;8014865;SECTION HEAD PRODUCTION TUBE ;490;50000;30000;10002;;GT_SPV;
494;8014867;SECTION HEAD PRODUCTION TUBE ;490;50000;30000;10002;;GT_SPV;
495;8014869;TEAM LEADER BXE ;491;50000;30000;10002;;GT_STFF;
496;8014871;TEAM LEADER BXE ;491;50000;30000;10002;;GT_STFF;
497;8014873;TEAM LEADER BXE ;492;50000;30000;10002;;GT_STFF;
498;8014875;TEAM LEADER BXE ;492;50000;30000;10002;;GT_STFF;
499;8014877;TEAM LEADER BXE ;493;50000;30000;10002;;GT_STFF;
500;8014879;TEAM LEADER BXE ;493;50000;30000;10002;;GT_STFF;
501;8014881;TEAM LEADER BXE ;494;50000;30000;10002;;GT_STFF;
502;8014883;TEAM LEADER BXE ;494;50000;30000;10002;;GT_STFF;
503;8014885;OPERATOR BXE ;495;50000;30000;10002;;GT_WRKR;
504;8014887;OPERATOR BXE ;496;50000;30000;10002;;GT_WRKR;
505;8014889;OPERATOR BXE ;497;50000;30000;10002;;GT_WRKR;
506;8014891;OPERATOR BXE ;498;50000;30000;10002;;GT_WRKR;
507;8014893;OPERATOR BXE ;499;50000;30000;10002;;GT_WRKR;
508;8014895;OPERATOR BXE ;500;50000;30000;10002;;GT_WRKR;
509;8014897;OPERATOR BXE ;501;50000;30000;10002;;GT_WRKR;
510;8014899;OPERATOR BXE ;502;50000;30000;10002;;GT_WRKR;
511;8014901;TEAM LEADER BXS ;491;50000;30000;10002;;GT_STFF;
512;8014903;TEAM LEADER BXS ;491;50000;30000;10002;;GT_STFF;
513;8014905;OPERATOR BXS ;511;50000;30000;10002;;GT_WRKR;
514;8014907;OPERATOR BXS ;512;50000;30000;10002;;GT_WRKR;
515;8014909;TEAM LEADER BXS ;492;50000;30000;10002;;GT_STFF;
516;8014911;TEAM LEADER BXS ;492;50000;30000;10002;;GT_STFF;
517;8014913;TEAM LEADER BXS ;493;50000;30000;10002;;GT_STFF;
518;8014915;TEAM LEADER BXS ;493;50000;30000;10002;;GT_STFF;
519;8014917;TEAM LEADER BXS ;494;50000;30000;10002;;GT_STFF;
520;8014919;TEAM LEADER BXS ;494;50000;30000;10002;;GT_STFF;
521;8014921;TEAM LEADER BXC ;491;50000;30000;10002;;GT_STFF;
522;8014923;TEAM LEADER BXC ;491;50000;30000;10002;;GT_STFF;
523;8014925;TEAM LEADER BXC ;492;50000;30000;10002;;GT_STFF;
524;8014927;TEAM LEADER BXC ;492;50000;30000;10002;;GT_STFF;
525;8014929;TEAM LEADER BXC ;493;50000;30000;10002;;GT_STFF;
526;8014931;TEAM LEADER BXC ;493;50000;30000;10002;;GT_STFF;
527;8014933;TEAM LEADER BXC ;494;50000;30000;10002;;GT_STFF;
528;8014935;TEAM LEADER BXC ;494;50000;30000;10002;;GT_STFF;
529;8014937;OPERATOR BXC ;521;50000;30000;10002;;GT_WRKR;
530;8014939;OPERATOR BXC ;522;50000;30000;10002;;GT_WRKR;
531;8014941;OPERATOR BXS ;515;50000;30000;10002;;GT_WRKR;
532;8014943;OPERATOR BXS ;516;50000;30000;10002;;GT_WRKR;
533;8014945;OPERATOR BXC ;523;50000;30000;10002;;GT_WRKR;
534;8014947;OPERATOR BXC ;524;50000;30000;10002;;GT_WRKR;
535;8014949;OPERATOR BXS ;517;50000;30000;10002;;GT_WRKR;
536;8014951;OPERATOR BXS ;518;50000;30000;10002;;GT_WRKR;
537;8014953;OPERATOR BXC ;525;50000;30000;10002;;GT_WRKR;
538;8014955;OPERATOR BXC ;526;50000;30000;10002;;GT_WRKR;
539;8014957;OPERATOR BXS ;519;50000;30000;10002;;GT_WRKR;
540;8014959;OPERATOR BXS ;520;50000;30000;10002;;GT_WRKR;
541;8014961;OPERATOR BXC ;527;50000;30000;10002;;GT_WRKR;
542;8014963;OPERATOR BXC ;528;50000;30000;10002;;GT_WRKR;
543;8014965;SECTION HEAD PREPARATION & MAINTENANCE ;490;50000;30000;10002;;GT_SPV;
544;8014967;TEAM LEADER PREPARATION & MAINTENACE BXE ;543;50000;30000;10002;;GT_STFF;
545;8014969;TEAM LEADER CEMENTING VALVE BXE ;543;50000;30000;10002;;GT_STFF;
546;8014971;TEAM LEADER PREPARATION & MAINTENANCE BXS ;543;50000;30000;10002;;GT_STFF;
547;8014973;TEAM LEADER PREPARATION & MAINTENANCE BXC ;543;50000;30000;10002;;GT_STFF;
548;8014975;WORKER PREPARATION & MAINTENANCE BXE ;544;50000;30000;10002;;GT_WRKR;
549;8014977;WORKER CEMENTING VALVE BXE ;545;50000;30000;10002;;GT_WRKR;
550;8014979;WORKER PREPARATION & MAINTENANCE BXS ;546;50000;30000;10002;;GT_WRKR;
551;8014981;WORKER PREPARATION & MAINTENANCE BXC ;547;50000;30000;10002;;GT_WRKR;
552;8014983;SECTION HEAD IMPROVEMENT TUBE ;490;50000;30000;10002;;GT_SPV;
553;8014985;STAFF IMPROVEMENT BXE ;552;50000;30000;10002;;GT_STFF;
554;8014987;STAFF IMPROVEMENT BXS ;552;50000;30000;10002;;GT_STFF;
555;8014989;STAFF IMPROVEMENT BXC ;552;50000;30000;10002;;GT_STFF;
556;8014991;STAFF 5R ;552;50000;30000;10002;;GT_STFF;
557;8014993;ADMINISTRATION PRODUCTION TUBE ;552;50000;30000;10002;;GT_STFF;
558;8014995;ADMINISTRATION PREPARATION & MAINTENANCE TUBE ;552;50000;30000;10002;;GT_STFF;
559;8019800;POLTEK-BXS ;489;50000;30000;10002;;PLTK_NH;
560;8013307;GROUP COORDINATOR ;8;50000;30000;-;;GT_JMGR;
561;8013308;GROUP COORDINATOR ;8;50000;30000;-;;GT_JMGR;
562;8013309;GROUP COORDINATOR ;8;50000;30000;-;;GT_JMGR;
563;8013310;GROUP COORDINATOR ;8;50000;30000;-;;GT_JMGR;
564;8013005;POLTEK-BPP ;565;50000;30000;10003;;GT_STFF;
565;8013319;DEPT. HEAD PRODUCTION PLANNING CONTROL ;9;50000;30000;10003;;GT_MGR;
566;8013325;SUB DEPT. HEAD PRODUCTION PLANNING ;565;50000;30000;10003;;GT_JMGR;
567;8013328;SECTION HEAD PRODUCTION MC TIRE PLANT I ;566;50000;30000;10003;;GT_SPV;
568;8013333;STAFF PROCESS TIRE 1 ;567;50000;30000;10003;;GT_STFF;
569;8013336;STAFF PROCESS TIRE 2 ;567;50000;30000;10003;;GT_STFF;
570;8013340;SECTION HEAD PRODUCTION MC TIRE PLANT B&H ;566;50000;30000;10003;;GT_SPV;
571;8013343;STAFF PROCESS TIRE 1 ;570;50000;30000;10003;;GT_STFF;
572;8013346;STAFF PROCESS TIRE 2 ;570;50000;30000;10003;;GT_STFF;
573;8013350;SECTION HEAD PRODUCTION MC TUBE ;566;50000;30000;10003;;GT_SPV;
574;8013353;STAFF PROCESS TUBE 1 ;573;50000;30000;10003;;GT_STFF;
575;8013359;STAFF PROCESS TUBE 2 ;573;50000;30000;10003;;GT_STFF;
576;8013365;STAFF INDUSTRIAL ENGINEERING ;566;50000;30000;10003;;GT_STFF;
577;8013369;SUB DEPT. HEAD MATERIAL PLANNING & STOCK CONTROL ;565;50000;30000;10003;;GT_JMGR;
578;8013373;SECTION HEAD LEVEL STOCK CONTROL ;577;50000;30000;10003;;GT_SPV;
579;8013376;STAFF LEVEL STOCK REPLACEMENT ;578;50000;30000;10003;;GT_STFF;
580;8013378;STAFF LEVEL STOCK OEM & EXPORT ;578;50000;30000;10003;;GT_STFF;
581;8013382;SECTION HEAD MATERIAL REQUIREMENT PLANNING QUALITY SYSTEM ;577;50000;30000;10003;;GT_SPV;
582;8013385;STAFF MATERIAL REQUIREMENT PLANNING ;581;50000;30000;10003;;GT_STFF;
583;8013387;STAFF QUALITY SYSTEM ;581;50000;30000;10003;;GT_STFF;
584;8013389;SECTION HEAD DATA SUPPORTING ;577;50000;30000;10003;;GT_SPV;
585;8013390;TEAM LEADER BARCODE BHI ;584;50000;30000;10003;;GT_STFF;
586;8013397;WORKER DISTRIBUTION BARCODE ;585;50000;30000;10003;;GT_WRKR;
587;8013402;STAFF ENTRY DATA ORACLE A1 ;584;50000;30000;10003;;GT_STFF;
588;8013403;STAFF ENTRY DATA ORACLE A2 ;584;50000;30000;10003;;GT_STFF;
589;8013404;STAFF ENTRY DATA ORACLE B1 ;584;50000;30000;10003;;GT_STFF;
590;8013405;STAFF ENTRY DATA ORACLE B2 ;584;50000;30000;10003;;GT_STFF;
591;8013406;STAFF ENTRY DATA ORACLE C1 ;584;50000;30000;10003;;GT_STFF;
592;8013407;STAFF ENTRY DATA ORACLE C2 ;584;50000;30000;10003;;GT_STFF;
593;8013408;STAFF ENTRY DATA ORACLE D1 ;584;50000;30000;10003;;GT_STFF;
594;8013409;STAFF ENTRY DATA ORACLE D2 ;584;50000;30000;10003;;GT_STFF;
595;8013411;ADMINISTRATION ;565;50000;30000;10003;;GT_STFF;
596;8013158;POLTEK-BFI ;597;50000;30000;10004;;GT_STFF;
597;8013320;DEPT. HEAD QUALITY CONTROL & FINAL INSPECTION ;9;50000;30000;10004;;GT_MGR;
598;8014081;SUB DEPT. HEAD MATERIAL IN PROCESS & REPAIR TIRE ;597;50000;30000;10004;;GT_JMGR;
599;8014083;SECTION HEAD MATERIAL IN PROCESS TIRE PLANT BHI ;598;50000;30000;10004;;GT_SPV;
600;8014085;SECTION HEAD MATERIAL IN PROCESS TIRE PLANT BHI ;598;50000;30000;10004;;GT_SPV;
601;8014087;SECTION HEAD MATERIAL IN PROCESS TIRE PLANT BHI ;598;50000;30000;10004;;GT_SPV;
602;8014089;SECTION HEAD MATERIAL IN PROCESS TIRE PLANT BHI ;598;50000;30000;10004;;GT_SPV;
603;8014091;TEAM LEADER MATERIAL IN PROCESS TIRE PLANT BHI ;599;50000;30000;10004;;GT_STFF;
604;8014093;TEAM LEADER MATERIAL IN PROCESS TIRE PLANT BHI ;600;50000;30000;10004;;GT_STFF;
605;8014095;TEAM LEADER MATERIAL IN PROCESS TIRE PLANT BHI ;601;50000;30000;10004;;GT_STFF;
606;8014097;TEAM LEADER MATERIAL IN PROCESS TIRE PLANT BHI ;602;50000;30000;10004;;GT_STFF;
607;8014099;INSPECTOR MATERIAL IN PROCESS TIRE PLANT BHI ;603;50000;30000;10004;;GT_WRKR;
608;8014101;INSPECTOR MATERIAL IN PROCESS TIRE PLANT BHI ;604;50000;30000;10004;;GT_WRKR;
609;8014103;INSPECTOR MATERIAL IN PROCESS TIRE PLANT BHI ;605;50000;30000;10004;;GT_WRKR;
610;8014105;INSPECTOR MATERIAL IN PROCESS TIRE PLANT BHI ;606;50000;30000;10004;;GT_WRKR;
611;8014107;SECTION HEAD REPAIR TIRE PLANT BHI ;598;50000;30000;10004;;GT_SPV;
612;8014109;SECTION HEAD REPAIR TIRE PLANT BHI ;598;50000;30000;10004;;GT_SPV;
613;8014111;SECTION HEAD REPAIR TIRE PLANT BHI ;598;50000;30000;10004;;GT_SPV;
614;8014113;SECTION HEAD REPAIR TIRE PLANT BHI ;598;50000;30000;10004;;GT_SPV;
615;8014115;TEAM LEADER REPAIR TIRE PLANT B&H ;611;50000;30000;10004;;GT_STFF;
616;8014117;TEAM LEADER REPAIR TIRE PLANT B&H ;612;50000;30000;10004;;GT_STFF;
617;8014119;TEAM LEADER REPAIR TIRE PLANT B&H ;613;50000;30000;10004;;GT_STFF;
618;8014121;TEAM LEADER REPAIR TIRE PLANT B&H ;614;50000;30000;10004;;GT_STFF;
619;8014123;OPERATOR REPAIR TIRE PLANT B&H ;615;50000;30000;10004;;GT_WRKR;
620;8014125;OPERATOR REPAIR TIRE PLANT B&H ;616;50000;30000;10004;;GT_WRKR;
621;8014127;OPERATOR REPAIR TIRE PLANT B&H ;617;50000;30000;10004;;GT_WRKR;
622;8014129;OPERATOR REPAIR TIRE PLANT B&H ;618;50000;30000;10004;;GT_WRKR;
623;8014131;TEAM LEADER REPAIR TIRE PLANT I ;611;50000;30000;10004;;GT_STFF;
624;8014133;TEAM LEADER REPAIR TIRE PLANT I ;612;50000;30000;10004;;GT_STFF;
625;8014135;TEAM LEADER REPAIR TIRE PLANT I ;613;50000;30000;10004;;GT_STFF;
626;8014137;TEAM LEADER REPAIR TIRE PLANT I ;614;50000;30000;10004;;GT_STFF;
627;8014139;OPERATOR REPAIR TIRE PLANT I ;623;50000;30000;10004;;GT_WRKR;
628;8014141;OPERATOR REPAIR TIRE PLANT I ;624;50000;30000;10004;;GT_WRKR;
629;8014143;OPERATOR REPAIR TIRE PLANT I ;625;50000;30000;10004;;GT_WRKR;
630;8014145;OPERATOR REPAIR TIRE PLANT I ;626;50000;30000;10004;;GT_WRKR;
631;8014147;STAFF REPAIR SPECIAL TIRE ;598;50000;30000;10004;;GT_STFF;
632;8014149;SUB DEPT. HEAD QC (SYSTEM CONTROL, EQUIPMENT PRODUCT & AUDIT) ;597;50000;30000;10004;;GT_JMGR;
633;8014151;SECTION HEAD SYSTEM CONTROL ;632;50000;30000;10004;;GT_SPV;
634;8014153;STAFF DOCUMENT CONTROL INTERNAL TIRE 1 ;633;50000;30000;10004;;GT_STFF;
635;8014161;STAFF ORACLE TUBE ;633;50000;30000;10004;;GT_STFF;
636;8014163;STAFF ADMINISTRASI UMUM ;633;50000;30000;10004;;GT_STFF;
637;8014165;SECTION HEAD EQUIPMENT PRODUCT PLANT B, H, & I ;632;50000;30000;10004;;GT_SPV;
638;8014179;STAFF VERIFIKASI MOLD ;637;50000;30000;10004;;GT_STFF;
639;8014181;STAFF PRODUCT NON CONFORMING ;637;50000;30000;10004;;GT_STFF;
640;8014167;STAFF SECOND COMMITTEE PLANT B ;637;50000;30000;10004;;GT_STFF;
641;8014168;STAFF SECOND COMMITTEE PLANT H ;637;50000;30000;10004;;GT_STFF;
642;8014169;STAFF SECOND COMMITTEE PLANT I ;637;50000;30000;10004;;GT_STFF;
643;8014183;ANALYST CLAIM TIRE & TUBE ;632;50000;30000;10004;;GT_SPV;
644;8014185;ANALYST DATA QC ;632;50000;30000;10004;;GT_SPV;
645;8014187;AUDITOR INSPECTOR PLANT B,H ;632;50000;30000;10004;;GT_SPV;
646;8014189;AUDITOR INSPECTOR PLANT I ;632;50000;30000;10004;;GT_SPV;
647;8014191;AUDITOR REPAIR TIRE PLANT B,H,I ;632;50000;30000;10004;;GT_SPV;
648;8014171;STAFF DEFECT TIRE ;637;50000;30000;10004;;GT_STFF;
649;8014172;STAFF DEFECT TUBE ;637;50000;30000;10004;;GT_STFF;
650;8014193;SUB DEPT. HEAD FI TIRE PLANT B,H,I ;597;50000;30000;10004;;GT_JMGR;
651;8014154;STAFF DOCUMENT CONTROL INTERNAL TIRE 2 ;633;50000;30000;10004;;GT_STFF;
652;8014155;STAFF DOCUMENT CONTROL INTERNAL TIRE 3 ;633;50000;30000;10004;;GT_STFF;
653;8014156;STAFF DOCUMENT CONTROL INTERNAL TUBE ;633;50000;30000;10004;;GT_STFF;
654;8014198;SECTION HEAD FI TIRE PLANT B,H ;650;50000;30000;10004;;GT_SPV;
655;8014199;SECTION HEAD FI TIRE PLANT B,H ;650;50000;30000;10004;;GT_SPV;
656;8014200;SECTION HEAD FI TIRE PLANT B,H ;650;50000;30000;10004;;GT_SPV;
657;8014201;SECTION HEAD FI TIRE PLANT B,H ;650;50000;30000;10004;;GT_SPV;
658;8014206;TEAM LEADER FI TIRE PLANT B ;654;50000;30000;10004;;GT_STFF;
659;8014207;TEAM LEADER FI TIRE PLANT B ;655;50000;30000;10004;;GT_STFF;
660;8014208;TEAM LEADER FI TIRE PLANT B ;656;50000;30000;10004;;GT_STFF;
661;8014209;TEAM LEADER FI TIRE PLANT B ;657;50000;30000;10004;;GT_STFF;
662;8014214;INSPECTOR FI TIRE PLANT B ;658;50000;30000;10004;;GT_WRKR;
663;8014215;INSPECTOR FI TIRE PLANT B ;659;50000;30000;10004;;GT_WRKR;
664;8014216;INSPECTOR FI TIRE PLANT B ;660;50000;30000;10004;;GT_WRKR;
665;8014217;INSPECTOR FI TIRE PLANT B ;661;50000;30000;10004;;GT_WRKR;
666;8014219;ADM BSTB ORACLE SUNFISH ;654;50000;30000;10004;;GT_WRKR;
667;8014221;ADM BSTB ORACLE SUNFISH ;655;50000;30000;10004;;GT_WRKR;
668;8014223;ADM BSTB ORACLE SUNFISH ;656;50000;30000;10004;;GT_WRKR;
669;8014225;ADM BSTB ORACLE SUNFISH ;657;50000;30000;10004;;GT_WRKR;
670;8014227;TEAM LEADER FI TIRE PLANT H ;654;50000;30000;10004;;GT_STFF;
671;8014229;TEAM LEADER FI TIRE PLANT H ;655;50000;30000;10004;;GT_STFF;
672;8014231;TEAM LEADER FI TIRE PLANT H ;656;50000;30000;10004;;GT_STFF;
673;8014233;TEAM LEADER FI TIRE PLANT H ;657;50000;30000;10004;;GT_STFF;
674;8014235;INSPECTOR FI TIRE PLANT H ;670;50000;30000;10004;;GT_WRKR;
675;8014237;INSPECTOR FI TIRE PLANT H ;670;50000;30000;10004;;GT_WRKR;
676;8014239;INSPECTOR FI TIRE PLANT H ;672;50000;30000;10004;;GT_WRKR;
677;8014241;INSPECTOR FI TIRE PLANT H ;673;50000;30000;10004;;GT_WRKR;
678;8014243;SECTION HEAD FI TIRE PLANT I ;650;50000;30000;10004;;GT_SPV;
679;8014245;SECTION HEAD FI TIRE PLANT I ;650;50000;30000;10004;;GT_SPV;
680;8014247;SECTION HEAD FI TIRE PLANT I ;650;50000;30000;10004;;GT_SPV;
681;8014249;SECTION HEAD FI TIRE PLANT I ;650;50000;30000;10004;;GT_SPV;
682;8014251;TEAM LEADER INSPECTION I LINE 1-3 ;678;50000;30000;10004;;GT_STFF;
683;8014253;TEAM LEADER INSPECTION I LINE 4-7 ;678;50000;30000;10004;;GT_STFF;
684;8014255;TEAM LEADER INSPECTION I LINE 8-11 ;678;50000;30000;10004;;GT_STFF;
685;8014257;TEAM LEADER INSPECTION I LINE 12-13 ;678;50000;30000;10004;;GT_STFF;
686;8014259;TEAM LEADER INSPECTION I LINE 1-3 ;679;50000;30000;10004;;GT_STFF;
687;8014261;TEAM LEADER INSPECTION I LINE 4-7 ;679;50000;30000;10004;;GT_STFF;
688;8014263;TEAM LEADER INSPECTION I LINE 8-11 ;679;50000;30000;10004;;GT_STFF;
689;8014265;TEAM LEADER INSPECTION I LINE 12-13 ;679;50000;30000;10004;;GT_STFF;
690;8014267;TEAM LEADER INSPECTION I LINE 1-3 ;680;50000;30000;10004;;GT_STFF;
691;8014269;TEAM LEADER INSPECTION I LINE 4-7 ;680;50000;30000;10004;;GT_STFF;
692;8014271;TEAM LEADER INSPECTION I LINE 8-11 ;680;50000;30000;10004;;GT_STFF;
693;8014273;TEAM LEADER INSPECTION I LINE 12-13 ;680;50000;30000;10004;;GT_STFF;
694;8014275;TEAM LEADER INSPECTION I LINE 1-3 ;681;50000;30000;10004;;GT_STFF;
695;8014277;TEAM LEADER INSPECTION I LINE 4-7 ;681;50000;30000;10004;;GT_STFF;
696;8014279;TEAM LEADER INSPECTION I LINE 8-11 ;681;50000;30000;10004;;GT_STFF;
697;8014281;TEAM LEADER INSPECTION I LINE 12-13 ;681;50000;30000;10004;;GT_STFF;
698;8014283;INSPECTOR I ;682;50000;30000;10004;;GT_WRKR;
699;8014291;INSPECTOR I ;683;50000;30000;10004;;GT_WRKR;
700;8014285;INSPECTOR I ;684;50000;30000;10004;;GT_WRKR;
701;8014287;INSPECTOR I ;685;50000;30000;10004;;GT_WRKR;
702;8014289;INSPECTOR I ;686;50000;30000;10004;;GT_WRKR;
703;8014293;INSPECTOR I ;687;50000;30000;10004;;GT_WRKR;
704;8014295;INSPECTOR I ;688;50000;30000;10004;;GT_WRKR;
705;8014297;INSPECTOR I ;689;50000;30000;10004;;GT_WRKR;
706;8014299;INSPECTOR I ;690;50000;30000;10004;;GT_WRKR;
707;8014301;INSPECTOR I ;691;50000;30000;10004;;GT_WRKR;
708;8014303;INSPECTOR I ;692;50000;30000;10004;;GT_WRKR;
709;8014305;INSPECTOR I ;693;50000;30000;10004;;GT_STFF;
710;8014307;INSPECTOR I ;694;50000;30000;10004;;GT_WRKR;
711;8014309;INSPECTOR I ;695;50000;30000;10004;;GT_WRKR;
712;8014311;INSPECTOR I ;696;50000;30000;10004;;GT_WRKR;
713;8014313;INSPECTOR I ;697;50000;30000;10004;;GT_WRKR;
714;8014315;TEAM LEADER INSPECTION II ;678;50000;30000;10004;;GT_STFF;
715;8014317;INSPECTOR II ;714;50000;30000;10004;;GT_WRKR;
716;8014319;TEAM LEADER INSPECTION II ;679;50000;30000;10004;;GT_STFF;
717;8014321;INSPECTOR II ;716;50000;30000;10004;;GT_WRKR;
718;8014323;TEAM LEADER INSPECTION II ;680;50000;30000;10004;;GT_STFF;
719;8014325;INSPECTOR II ;718;50000;30000;10004;;GT_WRKR;
720;8014327;TEAM LEADER INSPECTION II ;681;50000;30000;10004;;GT_STFF;
721;8014329;INSPECTOR II ;720;50000;30000;10004;;GT_WRKR;
722;8014331;TEAM LEADER WOBBLING ;678;50000;30000;10004;;GT_STFF;
723;8014333;INSPECTOR WOBBLING ;722;50000;30000;10004;;GT_WRKR;
724;8014335;TEAM LEADER WOBBLING ;679;50000;30000;10004;;GT_STFF;
725;8014337;INSPECTOR WOBBLING ;724;50000;30000;10004;;GT_WRKR;
726;8014339;TEAM LEADER WOBBLING ;680;50000;30000;10004;;GT_STFF;
727;8014341;INSPECTOR WOBBLING ;726;50000;30000;10004;;GT_WRKR;
728;8014343;TEAM LEADER WOBBLING ;681;50000;30000;10004;;GT_STFF;
729;8014345;INSPECTOR WOBBLING ;728;50000;30000;10004;;GT_WRKR;
730;8014347;TEAM LEADER BALANCING ;678;50000;30000;10004;;GT_STFF;
731;8014349;INSPECTOR BALANCING ;730;50000;30000;10004;;GT_WRKR;
732;8014351;TEAM LEADER BALANCING ;679;50000;30000;10004;;GT_STFF;
733;8014353;INSPECTOR BALANCING ;732;50000;30000;10004;;GT_WRKR;
734;8014355;TEAM LEADER BALANCING ;680;50000;30000;10004;;GT_STFF;
735;8014357;INSPECTOR BALANCING ;734;50000;30000;10004;;GT_WRKR;
736;8014359;TEAM LEADER BALANCING ;681;50000;30000;10004;;GT_STFF;
737;8014361;INSPECTOR BALANCING ;736;50000;30000;10004;;GT_WRKR;
738;8014363;TEAM LEADER EXPANDER ;678;50000;30000;10004;;GT_STFF;
739;8014365;INSPECTOR EXPANDER ;738;50000;30000;10004;;GT_WRKR;
740;8014367;TEAM LEADER EXPANDER ;679;50000;30000;10004;;GT_STFF;
741;8014369;INSPECTOR EXPANDER ;740;50000;30000;10004;;GT_WRKR;
742;8014371;TEAM LEADER EXPANDER ;680;50000;30000;10004;;GT_STFF;
743;8014373;INSPECTOR EXPANDER ;742;50000;30000;10004;;GT_WRKR;
744;8014375;TEAM LEADER EXPANDER ;681;50000;30000;10004;;GT_STFF;
745;8014377;INSPECTOR EXPANDER ;744;50000;30000;10004;;GT_WRKR;
746;8014379;TEAM LEADER INSPECTION REPAIR ;678;50000;30000;10004;;GT_STFF;
747;8014381;INSPECTOR REPAIR ;746;50000;30000;10004;;GT_WRKR;
748;8014383;TEAM LEADER INSPECTION REPAIR ;679;50000;30000;10004;;GT_STFF;
749;8014385;INSPECTOR REPAIR ;748;50000;30000;10004;;GT_WRKR;
750;8014387;TEAM LEADER INSPECTION REPAIR ;680;50000;30000;10004;;GT_STFF;
751;8014389;INSPECTOR REPAIR ;750;50000;30000;10004;;GT_WRKR;
752;8014391;TEAM LEADER INSPECTION REPAIR ;681;50000;30000;10004;;GT_STFF;
753;8014393;INSPECTOR REPAIR ;752;50000;30000;10004;;GT_WRKR;
754;8014395;TEAM LEADER BOOKING ;678;50000;30000;10004;;GT_STFF;
755;8014397;INSPECTOR BOOKING ;754;50000;30000;10004;;GT_WRKR;
756;8014399;TEAM LEADER BOOKING ;679;50000;30000;10004;;GT_STFF;
757;8014401;INSPECTOR BOOKING ;756;50000;30000;10004;;GT_WRKR;
758;8014403;TEAM LEADER BOOKING ;680;50000;30000;10004;;GT_STFF;
759;8014405;INSPECTOR BOOKING ;758;50000;30000;10004;;GT_WRKR;
760;8014407;TEAM LEADER BOOKING ;681;50000;30000;10004;;GT_STFF;
761;8014409;INSPECTOR BOOKING ;760;50000;30000;10004;;GT_WRKR;
762;8014411;ANALYST HANDLING ACTIVITY IMPROVE & MISS INSPECTION PLANT B ;650;50000;30000;10004;;GT_SPV;
763;8014413;ANALYST HANDLING ACTIVITY IMPROVE & MISS INSPECTION PLANT H ;650;50000;30000;10004;;GT_SPV;
764;8014415;ANALYST HANDLING ACTIVITY IMPROVE & MISS INSPECTION PLANT I ;650;50000;30000;10004;;GT_SPV;
765;8014417;ANALYST UPGRADE TIRE OE ;650;50000;30000;10004;;GT_SPV;
766;8014419;ANALYST RE-INSPECTION TIRE EXPORT / IMPORT OEM ;650;50000;30000;10004;;GT_SPV;
767;8014421;SECTION HEAD MAINTENANCE & IMPECTION EQUIPMENT ;650;50000;30000;10004;;GT_SPV;
768;8014423;STAFF EQUIPMENT INSPECTION ;767;50000;30000;10004;;GT_STFF;
769;8014425;STAFF MAINTENANCE EQUIPMENT B&H ;767;50000;30000;10004;;GT_STFF;
770;8014426;STAFF MAINTENANCE EQUIPMENT I ;767;50000;30000;10004;;GT_STFF;
771;8014428;SECTION HEAD MAINTENANCE WOBBLING & BALANCING ;650;50000;30000;10004;;GT_SPV;
772;8014430;STAFF MAINTENANCE WOBBLING & BALANCING B&H ;771;50000;30000;10004;;GT_STFF;
773;8014431;STAFF MAINTENANCE WOBBLING & BALANCING I ;771;50000;30000;10004;;GT_STFF;
774;8014433;STAFF VALIDASI WOBBLING & BALANCING DATA ANALYSIS FI B&H ;650;50000;30000;10004;;GT_STFF;
775;8014434;STAFF VALIDASI WOBBLING & BALANCING DATA ANALYSIS FI I ;650;50000;30000;10004;;GT_STFF;
776;8014436;SUB DEPT. HEAD FI TUBE ;597;50000;30000;10004;;GT_JMGR;
777;8014438;SECTION HEAD FI TUBE ;776;50000;30000;10004;;GT_SPV;
778;8014440;TEAM LEADER FI TUBE REPLACEMENT ;777;50000;30000;10004;;GT_STFF;
779;8014442;INSPECTOR FI TUBE REPLACEMENT ;778;50000;30000;10004;;GT_WRKR;
780;8014444;SECTION HEAD FI TUBE ;776;50000;30000;10004;;GT_SPV;
781;8014446;TEAM LEADER FI TUBE REPLACEMENT ;780;50000;30000;10004;;GT_STFF;
782;8014448;INSPECTOR FI TUBE REPLACEMENT ;781;50000;30000;10004;;GT_WRKR;
783;8014450;SECTION HEAD FI TUBE ;776;50000;30000;10004;;GT_SPV;
784;8014452;TEAM LEADER FI TUBE REPLACEMENT ;783;50000;30000;10004;;GT_STFF;
785;8014454;INSPECTOR FI TUBE REPLACEMENT ;784;50000;30000;10004;;GT_WRKR;
786;8014456;SECTION HEAD FI TUBE ;776;50000;30000;10004;;GT_SPV;
787;8014458;TEAM LEADER FI TUBE REPLACEMENT ;786;50000;30000;10004;;GT_STFF;
788;8014460;INSPECTOR FI TUBE REPLACEMENT ;787;50000;30000;10004;;GT_WRKR;
789;8014462;TEAM LEADER FI TUBE OEM ;777;50000;30000;10004;;GT_STFF;
790;8014464;INSPECTOR FI TUBE OEM ;789;50000;30000;10004;;GT_WRKR;
791;8014466;TEAM LEADER FI TUBE OEM ;780;50000;30000;10004;;GT_STFF;
792;8014468;INSPECTOR FI TUBE OEM ;791;50000;30000;10004;;GT_WRKR;
793;8014470;TEAM LEADER FI TUBE OEM ;783;50000;30000;10004;;GT_STFF;
794;8014158;INSPECTOR FI TUBE OEM ;793;50000;30000;10004;;GT_WRKR;
795;8014996;TEAM LEADER FI TUBE OEM ;786;50000;30000;10004;;GT_STFF;
796;8014998;INSPECTOR FI TUBE OEM ;795;50000;30000;10004;;GT_WRKR;
797;8015000;ANALYST HANDLING ACTIVITY TUBE REPLACEMENT ;776;50000;30000;10004;;GT_SPV;
798;8015002;ANALYST HANDLING ACTIVITY TUBE OEM ;776;50000;30000;10004;;GT_SPV;
799;8013007;POLTEK-BTD ;800;50000;30000;10005;;GT_STFF;
800;8013321;DEPT. HEAD TECHNICAL ;9;50000;30000;10005;;GT_MGR;
801;8013327;SUB DEPT. HEAD NEW PRODUCT DEVELOPMENT ;800;50000;30000;10005;;GT_JMGR;
802;8013331;SECTION HEAD NEW PRODUCT DEVELOPMENT PROCESS ;801;50000;30000;10005;;GT_SPV;
803;8013334;STAFF NEW PRODUCT DEVELOPMENT CURING 1 ;802;50000;30000;10005;;GT_STFF;
804;8013335;STAFF NEW PRODUCT DEVELOPMENT CURING 2 ;802;50000;30000;10005;;GT_STFF;
805;8013339;SECTION HEAD OEM, CLAIM & REGULATORY ;801;50000;30000;10005;;GT_SPV;
806;8013344;STAFF NEW PRODUCT DEVELOPMENT BUILDING 1 ;802;50000;30000;10005;;GT_STFF;
807;8013345;STAFF NEW PRODUCT DEVELOPMENT BUILDING 2 ;802;50000;30000;10005;;GT_STFF;
808;8013349;STAFF TIRE SPECIFICATION & APQP ;802;50000;30000;10005;;GT_STFF;
809;8013354;STAFF OEM ;805;50000;30000;10005;;GT_STFF;
810;8013356;STAFF CLAIM & REGULATORY ;805;50000;30000;10005;;GT_STFF;
811;8013358;SECTION HEAD DESIGN DRAWING & TOOLING MOLD ;801;50000;30000;10005;;GT_SPV;
812;8013362;STAFF DESIGN DRAWING ;811;50000;30000;10005;;GT_STFF;
813;8013364;STAFF TOOLING MOLD ;811;50000;30000;10005;;GT_STFF;
814;8013368;STAFF TESTING ;815;50000;30000;10005;;GT_STFF;
815;8013374;SECTION HEAD TESTING TECHNICAL WAREHOUSE & SIMPLE MANAGEMENT ;801;50000;30000;10005;;GT_SPV;
816;8013383;STAFF TECHNICAL WAREHOUSE & SAMPLE MANAGEMENT ;815;50000;30000;10005;;GT_STFF;
817;8013393;PACKAGING & ACCESORIES DESIGNER ;801;50000;30000;10005;;GT_SPV;
818;8013398;SUB DEPT. HEAD MATERIAL & TUBE PROCESS ;800;50000;30000;10005;;GT_JMGR;
819;8013401;SECTION HEAD TREAD EXTRUDER & DIES MAN ;818;50000;30000;10005;;GT_SPV;
820;8013413;STAFF TREAD EXTRUDER ;819;50000;30000;10005;;GT_STFF;
821;8013415;STAFF DIES MAN PLANT B&H ;819;50000;30000;10005;;GT_STFF;
822;8013417;STAFF DIES MAN PLANT I ;819;50000;30000;10005;;GT_STFF;
823;8013419;SECTION HEAD TOPPING CALENDER, BIAS CUTTING, SLITTER CHAFFER, PREPARING SAMPLE ;818;50000;30000;10005;;GT_SPV;
824;8013421;STAFF PREPARE SAMPLE TREAD 1 ;823;50000;30000;10005;;GT_STFF;
825;8013422;STAFF PREPARE SAMPLE TREAD 2 ;823;50000;30000;10005;;GT_STFF;
826;8013424;STAFF SAMPLE IB, PLY & BEAD 1 ;823;50000;30000;10005;;GT_STFF;
827;8013425;STAFF SAMPLE IB, PLY & BEAD 2 ;823;50000;30000;10005;;GT_STFF;
828;8013427;STAFF PREPARE TOPPING, SLITTER CHAFFER, BIAS CUTTING ;823;50000;30000;10005;;GT_STFF;
829;8013429;SECTION HEAD BEAD GROMMET, APEX, SQUEEGEE, TUBELESS CALENDER & PRE ASSY ;818;50000;30000;10005;;GT_SPV;
830;8013431;STAFF TUBELESS CALENDER, SQUEEGEE & PRE ASSY ;829;50000;30000;10005;;GT_STFF;
831;8013433;STAFF BEAD GROMMET & APEX ;829;50000;30000;10005;;GT_STFF;
832;8013435;SECTION HEAD TUBE PROCESS & DEFECT ANALYSIS ;849;50000;30000;10005;;GT_SPV;
833;8013437;STAFF TUBE PROCESS ;832;50000;30000;10005;;GT_STFF;
834;8013439;STAFF DEFECT ;832;50000;30000;10005;;GT_STFF;
835;8013441;SUB DEPT. HEAD BUILDING, CURING & SYSTEM ;800;50000;30000;10005;;GT_JMGR;
836;8013443;SECTION HEAD BUILDING ;835;50000;30000;10005;;GT_SPV;
837;8013445;STAFF BUILDING TOOLING PLANT B&H ;836;50000;30000;10005;;GT_STFF;
838;8013447;STAFF BUILDING DEFECT PLANT B&H ;836;50000;30000;10005;;GT_STFF;
839;8013449;STAFF TESTING BUILDING ;836;50000;30000;10005;;GT_STFF;
840;8013451;STAFF BUILDING TOOLING PLANT I ;836;50000;30000;10005;;GT_STFF;
841;8013453;STAFF BUILDING DEFECT PLANT I ;836;50000;30000;10005;;GT_STFF;
842;8014045;SECTION HEAD CURING ;835;50000;30000;10005;;GT_SPV;
843;8014050;STAFF CURING PLANT I 1 ;842;50000;30000;10005;;GT_STFF;
844;8014051;STAFF CURING PLANT I 2 ;842;50000;30000;10005;;GT_STFF;
845;8014053;STAFF TIRE DEFECT PLANT I 1 ;842;50000;30000;10005;;GT_STFF;
846;8014056;SECTION HEAD SYSTEM & SPECIFICATION ;835;50000;30000;10005;;GT_SPV;
847;8014058;STAFF SYSTEM ;846;50000;30000;10005;;GT_STFF;
848;8014060;STAFF MASTER WIP SPECIFICATION ;846;50000;30000;10005;;GT_STFF;
849;8014062;SUB DEPT. HEAD MACHINE & PROCESS IMPROVEMENT ;800;50000;30000;10005;;GT_JMGR;
850;8014064;SECTION HEAD PROCESS IMPROVEMENT & MARKET CHIM COORDINATOR ;849;50000;30000;10005;;GT_SPV;
851;8014066;STAFF PROCESS IMPROVEMENT 1 ;850;50000;30000;10005;;GT_STFF;
852;8014067;STAFF PROCESS IMPROVEMENT 2 ;850;50000;30000;10005;;GT_STFF;
853;8014069;STAFF MARKET CLAIM COORDINATOR ;850;50000;30000;10005;;GT_STFF;
854;8014071;SECTION HEAD MATERIAL & MACHINE SPECIFICATION ;849;50000;30000;10005;;GT_SPV;
855;8014073;STAFF MATERIAL ;854;50000;30000;10005;;GT_STFF;
856;8014075;STAFF MACHINE SPECIFICATION ;854;50000;30000;10005;;GT_STFF;
857;8014077;BUDGETING & COMPOUNDER ANALYST ;800;50000;30000;10005;;GT_SPV;
858;8014079;ADMINISTRATION ;800;50000;30000;10005;;GT_STFF;
859;8014054;STAFF TIRE DEFECT PLANT I 2 ;842;50000;30000;10005;;GT_STFF;
860;8013322;DEPT. HEAD K3L & MANAGEMENT SUPPORT ;9;50000;30000;10006;;GT_MGR;
861;8013455;SUB DEPT. HEAD K3L PLANT BHI ;860;50000;30000;10006;;GT_JMGR;
862;8013457;SECTION HEAD K3 ;861;50000;30000;10006;;GT_SPV;
863;8013459;STAFF KOMITE K3 1 ;862;50000;30000;10006;;GT_STFF;
864;8013460;STAFF KOMITE K3 2 ;862;50000;30000;10006;;GT_STFF;
865;8013462;SECTION HEAD LINGKUNGAN ;861;50000;30000;10006;;GT_SPV;
866;8013464;STAFF KOMITE LINGKUNGAN 1 ;865;50000;30000;10006;;GT_STFF;
867;8013465;STAFF KOMITE LINGKUNGAN 2 ;865;50000;30000;10006;;GT_STFF;
868;8013467;TEAM LEADER GS/BANGUNAN/RO ;865;50000;30000;10006;;GT_STFF;
869;8014005;SECTION HEAD SAVING ENERGY ;861;50000;30000;10006;;GT_SPV;
870;8014007;STAFF SAVING ENERGY AREA 1 ;869;50000;30000;10006;;GT_STFF;
871;8014008;STAFF SAVING ENERGY AREA 2 ;869;50000;30000;10006;;GT_STFF;
872;8014010;SECTION HEAD SUPPORTING MATERIAL ;861;50000;30000;10006;;GT_SPV;
873;8014012;TEAM LEADER SERIAL NUMBER ;872;50000;30000;10006;;GT_STFF;
874;8014014;WORKER SERIAL NUMBER BUILDING ;873;50000;30000;10006;;GT_WRKR;
875;8014016;WORKER SERIAL NUMBER CURING ;873;50000;30000;10006;;GT_WRKR;
876;8014018;TEAM LEADER FORKLIFT ;872;50000;30000;10006;;GT_STFF;
877;8014020;DRIVER FORKLIFT ;876;50000;30000;10006;;GT_WRKR;
878;8014021;DRIVER FORKLIFT ;876;50000;30000;10006;;GT_WRKR;
879;8014022;DRIVER FORKLIFT ;876;50000;30000;10006;;GT_WRKR;
880;8014023;DRIVER FORKLIFT ;876;50000;30000;10006;;GT_WRKR;
881;8014025;SUB DEPT. HEAD MANAGEMENT SUPPORT PLANT BHI ;860;50000;30000;10006;;GT_JMGR;
882;8014027;SECTION HEAD ADMINISTRATION & OFFICE SUPPORT ;881;50000;30000;10006;;GT_SPV;
883;8014029;ADMINISTRATION PLANT I ;882;50000;30000;10006;;GT_STFF;
884;8014030;ADMINISTRATION PLANT B & H ;882;50000;30000;10006;;GT_STFF;
885;8014031;ADMINISTRATION PLANT TUBE ;882;50000;30000;10006;;GT_STFF;
886;8014033;OFFICE BOY ;882;50000;30000;10006;;GT_WRKR;
887;8014035;SECTION HEAD MANAGEMENT SYSTEM SUPPORT ;881;50000;30000;10006;;GT_SPV;
888;8014037;STAFF WASTE CONTROL ;887;50000;30000;10006;;GT_STFF;
889;8014041;STAFF SYSTEM K3L ;887;50000;30000;10006;;GT_STFF;
890;8014039;STAFF PROJECT IMPROVEMENT ;887;50000;30000;10006;;GT_STFF;
891;8014043;STAFF SYSTEM MANAJEMEN MUTU ;887;50000;30000;10006;;GT_STFF;
892;8018739;POLTEK-BFS ;860;50000;30000;10006;;GT_STFF;
